{"cameraMode":{"drawMode":0,"name":"Shaded","section":"Shading Mode"},"sceneLighting":true,"audioPlay":false,"sceneViewState":{"showFog":true,"showMaterialUpdate":false,"showSkybox":true,"showFlares":true,"showImageEffects":true,"showParticleSystems":true},"in2DMode":false,"pivot":{"x":647.0636596679688,"y":520.5504150390625,"z":1036.4183349609375},"rotation":{"x":0.19223645329475404,"y":0.4915793836116791,"z":-0.11224837601184845,"w":0.8418997526168823},"size":498.967041015625,"orthographic":false}