{"cameraMode":{"drawMode":0,"name":"Shaded","section":"Shading Mode"},"sceneLighting":true,"audioPlay":false,"sceneViewState":{"showFog":true,"showMaterialUpdate":false,"showSkybox":true,"showFlares":true,"showImageEffects":true,"showParticleSystems":true},"in2DMode":false,"pivot":{"x":2104.27685546875,"y":681.5555419921875,"z":1333.2850341796875},"rotation":{"x":0.079881951212883,"y":-0.8934726119041443,"z":0.1760571002960205,"w":0.4053758382797241},"size":3.504462718963623,"orthographic":false}